Workbook

Sheet Canteiro central
A2: Canteiro | B2: CC | F2: Rodovia | G2: extensão canteiro central
F3: SP-348 | G3: 157
A4: Rótulos de Linha | B4: Contagem de ID2 | C4: Contagem de Km inicial | F4: SP-330 | G4: 73
A5: VGSP-348_014,000_CC | B5: 1 | C5: 1 | F5: SP-102 | G5: 6
A6: VGSP-348_015,000_CC | B6: 3 | C6: 3 | F6: SP-300 | G6: 2
A7: VGSP-348_016,000_CC | B7: 4 | C7: 4 | G7: =SUM(G3:G6) -> 238
A8: VGSP-348_017,000_CC | B8: 2 | C8: 2
A9: VGSP-348_019,000_CC | B9: 1 | C9: 1
A10: VGSP-348_020,000_CC | B10: 3 | C10: 3
A11: VGSP-348_021,000_CC | B11: 3 | C11: 3
A12: VGSP-348_022,000_CC | B12: 2 | C12: 2
A13: VGSP-348_023,000_CC | B13: 2 | C13: 2 | F13: =COUNTA(A5:A161) -> 157
A14: VGSP-348_024,000_CC | B14: 4 | C14: 4
A15: VGSP-348_025,000_CC | B15: 3 | C15: 3
A16: VGSP-348_026,000_CC | B16: 3 | C16: 3
A17: VGSP-348_027,000_CC | B17: 3 | C17: 3
A18: VGSP-348_028,000_CC | B18: 3 | C18: 3
A19: VGSP-348_029,000_CC | B19: 3 | C19: 3
A20: VGSP-348_030,000_CC | B20: 1 | C20: 1
A21: VGSP-348_031,000_CC | B21: 5 | C21: 5
A22: VGSP-348_032,000_CC | B22: 2 | C22: 2
A23: VGSP-348_033,000_CC | B23: 2 | C23: 2
A24: VGSP-348_034,000_CC | B24: 3 | C24: 3
A25: VGSP-348_035,000_CC | B25: 2 | C25: 2
... A162: Total Geral | B162: 438 | C162: 438

Sheet AB 
A1: ID Motiva/Quasar | B1: Km inicial | C1: Km final | D1: DELTA KM | E1: Canteiro | F1: Sentido | G1: Latitude | H1: Longitude | I1: Área | J1: Largura média | K1: Inclinação | L1: % mecanização | M1: área mecanizada | N1: Área Pot. Mecanização | O1: Equipamento | P1: Observação | Q1: Supressão | R1: Bloqueio Físico | S1: Causas Operacionais | T1: Condições Administrativas | U1: Mecanização | V1: Mecanização
A2: VGSP-102_001,000_ES_CL3 | B2: 1,000 | C2: 1,500 | D2: =C2-B2 -> 0.5 | E2: CL | F2: =MID(A2,19,1) -> S | G2: -22.872293 | H2: -47.131861 | I2: 142.45 | K2: 4.98 | L2: 30 | N2: =IF(OR(R2="Sim",S2="Sim",T2="Sim"),(L2/100)*I2,0) -> 0 | O2: Trator 1.7m | Q2: Não | R2: Não | S2: Não | T2: Não | U2: =IF(N2=0,(I2*(L2/100)),0) -> 42.735 | V2: =(I2*(L2/100)) -> 42.735
A3: VGSP-102_001,000_CC2 | B3: 1,000 | C3: 1,500 | D3: =C3-B3 -> 0.5 | E3: CC | F3: =MID(A3,19,1) -> C | G3: -22.870649 | H3: -47.131751 | I3: 13141.37 | J3: =I3/500 -> 26.28274 | K3: 4.13 | L3: 50 | N3: =IF(OR(R3="Sim",S3="Sim",T3="Sim"),(L3/100)*I3,0) -> 0 | O3: Trator 1.7m | Q3: Não | R3: Não | S3: Não | T3: Não | U3: =IF(N3=0,(I3*(L3/100)),0) -> 6570.685 | V3: =(I3*(L3/100)) -> 6570.685
A4: VGSP-102_001,000_EN_CL1 | B4: 1,000 | C4: 1,500 | D4: =C4-B4 -> 0.5 | E4: CL | F4: =MID(A4,19,1) -> N | G4: -22.870434 | H4: -47.131452 | I4: 1782.96 | K4: 3.97 | L4: 65 | N4: =IF(OR(R4="Sim",S4="Sim",T4="Sim"),(L4/100)*I4,0) -> 1158.924 | O4: Trator com braço articulado | Q4: Não | R4: Sim | S4: Não | T4: Sim | U4: =IF(N4=0,(I4*(L4/100)),0) -> 0
A5: VGSP-102_001,000_ES_CL2 | B5: 1,000 | C5: 1,500 | D5: =C5-B5 -> 0.5 | E5: CL | F5: =MID(A5,19,1) -> S | G5: -22.872444 | H5: -47.13196 | I5: 181.51 | K5: 4.5 | L5: 30 | N5: =IF(OR(R5="Sim",S5="Sim",T5="Sim"),(L5/100)*I5,0) -> 0 | O5: Trator 1.7m | Q5: Não | R5: Não | S5: Não | T5: Não | U5: =IF(N5=0,(I5*(L5/100)),0) -> 54.453 | V5: =(I5*(L5/100)) -> 54.453
A6: VGSP-102_001,000_CC1 | B6: 1,000 | C6: 1,500 | D6: =C6-B6 -> 0.5 | E6: CC | F6: =MID(A6,19,1) -> C | G6: -22.874741 | H6: -47.13126 | I6: 14948.87 | J6: =I6/500 -> 29.89774 | K6: 3.68 | L6: 50 | N6: =IF(OR(R6="Sim",S6="Sim",T6="Sim"),(L6/100)*I6,0) -> 0 | O6: Trator 1.7m | Q6: Não | R6: Não | S6: Não | T6: Não | U6: =IF(N6=0,(I6*(L6/100)),0) -> 7474.435 | V6: =(I6*(L6/100)) -> 7474.435
A7: VGSP-102_001,000_EN_CL2 | B7: 1,000 | C7: 1,500 | D7: =C7-B7 -> 0.5 | E7: CL | F7: =MID(A7,19,1) -> N | G7: -22.8747 | H7: -47.130945 | I7: 1775.42 | K7: 5.94 | L7: 65 | N7: =IF(OR(R7="Sim",S7="Sim",T7="Sim"),(L7/100)*I7,0) -> 1154.023 | O7: Trator com braço articulado | Q7: Não | R7: Sim | S7: Não | T7: Sim | U7: =IF(N7=0,(I7*(L7/100)),0) -> 0
A8: VGSP-102_001,000_ES_CL4 | B8: 1,000 | C8: 1,500 | D8: =C8-B8 -> 0.5 | E8: CL | F8: =MID(A8,19,1) -> S | G8: -22.870436 | H8: -47.132126 | I8: 1708.11 | K8: 5 | L8: 70 | N8: =IF(OR(R8="Sim",S8="Sim",T8="Sim"),(L8/100)*I8,0) -> 1195.677 | O8: Trator com braço articulado | Q8: Não | R8: Não | S8: Não | T8: Sim | U8: =IF(N8=0,(I8*(L8/100)),0) -> 0
A9: VGSP-102_001,000_ES_CL1 | B9: 1,000 | C9: 1,500 | D9: =C9-B9 -> 0.5 | E9: CL | F9: =MID(A9,19,1) -> S | G9: -22.874752 | H9: -47.131572 | I9: 1775.38 | K9: 2.33 | L9: 70 | N9: =IF(OR(R9="Sim",S9="Sim",T9="Sim"),(L9/100)*I9,0) -> 1242.766 | O9: Trator com braço articulado | Q9: Não | R9: Não | S9: Não | T9: Sim | U9: =IF(N9=0,(I9*(L9/100)),0) -> 0
A10: VGSP-102_002,000_EN_CL1 | B10: 2,000 | C10: 2,500 | D10: =C10-B10 -> 0.5 | E10: CL | F10: =MID(A10,19,1) -> N | G10: -22.885222 | H10: -47.130885 | I10: 537.91 | K10: 3.97 | L10: 30 | N10: =IF(OR(R10="Sim",S10="Sim",T10="Sim"),(L10/100)*I10,0) -> 0 | O10: Trator 1.7m | Q10: Não | R10: Não | S10: Não | T10: Não | U10: =IF(N10=0,(I10*(L10/100)),0) -> 161.373 | V10: =(I10*(L10/100)) -> 161.373
A11: VGSP-102_002,000_ES_CL3 | B11: 2,000 | C11: 2,500 | D11: =C11-B11 -> 0.5 | E11: CL | F11: =MID(A11,19,1) -> S | G11: -22.879362 | H11: -47.13109 | I11: 2009.47 | K11: 2.55 | L11: 70 | N11: =IF(OR(R11="Sim",S11="Sim",T11="Sim"),(L11/100)*I11,0) -> 1406.629 | O11: Trator com braço articulado | Q11: Não | R11: Não | S11: Não | T11: Sim | U11: =IF(N11=0,(I11*(L11/100)),0) -> 0
A12: VGSP-102_002,000_EN_CL3 | B12: 2,000 | C12: 2,500 | D12: =C12-B12 -> 0.5 | E12: CL | F12: =MID(A12,19,1) -> N | G12: -22.883191 | H12: -47.130494 | I12: 1180.71 | K12: 1.48 | L12: 30 | N12: =IF(OR(R12="Sim",S12="Sim",T12="Sim"),(L12/100)*I12,0) -> 0 | O12: Trator 1.7m | Q12: Não | R12: Não | S12: Não | T12: Não | U12: =IF(N12=0,(I12*(L12/100)),0) -> 354.213 | V12: =(I12*(L12/100)) -> 354.213
A13: VGSP-102_002,000_CC2 | B13: 2,000 | C13: 2,500 | D13: =C13-B13 -> 0.5 | E13: CC | F13: =MID(A13,19,1) -> C | G13: -22.883124 | H13: -47.130799 | I13: 9163.46 | J13: =I13/500 -> 18.32692 | K13: 1.86 | L13: 50 | N13: =IF(OR(R13="Sim",S13="Sim",T13="Sim"),(L13/100)*I13,0) -> 0 | O13: Trator 1.7m | Q13: Não | R13: Não | S13: Não | T13: Não | U13: =IF(N13=0,(I13*(L13/100)),0) -> 4581.73 | V13: =(I13*(L13/100)) -> 4581.73
A14: VGSP-102_002,000_ES_CL1 | B14: 2,000 | C14: 2,500 | D14: =C14-B14 -> 0.5 | E14: CL | F14: =MID(A14,19,1) -> S | G14: -22.885109 | H14: -47.131492 | I14: 486.94 | K14: 4 | L14: 70 | N14: =IF(OR(R14="Sim",S14="Sim",T14="Sim"),(L14/100)*I14,0) -> 340.858 | O14: Trator com braço articulado | Q14: Não | R14: Não | S14: Não | T14: Sim | U14: =IF(N14=0,(I14*(L14/100)),0) -> 0
A15: VGSP-102_002,000_ES_CL2 | B15: 2,000 | C15: 2,500 | D15: =C15-B15 -> 0.5 | E15: CL | F15: =MID(A15,19,1) -> S | G15: -22.883142 | H15: -47.131122 | I15: 1093.43 | K15: 2.39 | L15: 70 | N15: =IF(OR(R15="Sim",S15="Sim",T15="Sim"),(L15/100)*I15,0) -> 765.401 | O15: Trator com braço articulado | Q15: Não | R15: Não | S15: Não | T15: Sim | U15: =IF(N15=0,(I15*(L15/100)),0) -> 0
A16: VGSP-102_002,000_CC3 | B16: 2,000 | C16: 2,500 | D16: =C16-B16 -> 0.5 | E16: CC | F16: =MID(A16,19,1) -> C | G16: -22.879328 | H16: -47.130776 | I16: 16782.15 | J16: =I16/500 -> 33.5643 | K16: 2.73 | L16: 50 | N16: =IF(OR(R16="Sim",S16="Sim",T16="Sim"),(L16/100)*I16,0) -> 0 | O16: Trator 1.7m | Q16: Não | R16: Não | S16: Não | T16: Não | U16: =IF(N16=0,(I16*(L16/100)),0) -> 8391.075 | V16: =(I16*(L16/100)) -> 8391.075
A17: VGSP-102_002,000_EN_CL2 | B17: 2,000 | C17: 2,500 | D17: =C17-B17 -> 0.5 | E17: CL | F17: =MID(A17,19,1) -> N | G17: -22.879305 | H17: -47.130465 | I17: 2005.28 | K17: 3.34 | L17: 30 | N17: =IF(OR(R17="Sim",S17="Sim",T17="Sim"),(L17/100)*I17,0) -> 0 | O17: Trator 1.7m | Q17: Não | R17: Não | S17: Não | T17: Não | U17: =IF(N17=0,(I17*(L17/100)),0) -> 601.584 | V17: =(I17*(L17/100)) -> 601.584
A18: VGSP-102_002,000_CC1 | B18: 2,000 | C18: 2,500 | D18: =C18-B18 -> 0.5 | E18: CC | F18: =MID(A18,19,1) -> C | G18: -22.885186 | H18: -47.13119 | I18: 4137.74 | J18: =I18/500 -> 8.27548 | K18: 3.73 | L18: 50 | N18: =IF(OR(R18="Sim",S18="Sim",T18="Sim"),(L18/100)*I18,0) -> 0 | O18: Trator 1.7m | Q18: Não | R18: Não | S18: Não | T18: Não | U18: =IF(N18=0,(I18*(L18/100)),0) -> 2068.87 | V18: =(I18*(L18/100)) -> 2068.87
A19: VGSP-102_003,000_ES_CL3 | B19: 3,000 | C19: 3,500 | D19: =C19-B19 -> 0.5 | E19: CL | F19: =MID(A19,19,1) -> S | G19: -22.887569 | H19: -47.132394 | I19: 1638 | K19: 3.99 | L19: 70 | N19: =IF(OR(R19="Sim",S19="Sim",T19="Sim"),(L19/100)*I19,0) -> 1146.6 | O19: Trator com braço articulado | Q19: Não | R19: Não | S19: Não | T19: Sim | U19: =IF(N19=0,(I19*(L19/100)),0) -> 0
A20: VGSP-102_003,000_CC3 | B20: 3,000 | C20: 3,500 | D20: =C20-B20 -> 0.5 | E20: CC | F20: =MID(A20,19,1) -> C | G20: -22.890135 | H20: -47.133174 | I20: 4566.32 | J20: =I20/500 -> 9.13264 | K20: 4.54 | L20: 50 | N20: =IF(OR(R20="Sim",S20="Sim",T20="Sim"),(L20/100)*I20,0) -> 0 | O20: Trator 1.7m | Q20: Não | R20: Não | S20: Não | T20: Não | U20: =IF(N20=0,(I20*(L20/100)),0) -> 2283.16 | V20: =(I20*(L20/100)) -> 2283.16
A21: VGSP-102_003,000_ES_CL4 | B21: 3,000 | C21: 3,500 | D21: =C21-B21 -> 0.5 | E21: CL | F21: =MID(A21,19,1) -> S | G21: -22.890032 | H21: -47.133503 | I21: 552.45 | K21: 4.98 | L21: 65 | N21: =IF(OR(R21="Sim",S21="Sim",T21="Sim"),(L21/100)*I21,0) -> 359.0925 | O21: Trator com braço articulado, Spider | Q21: Não | R21: Sim | S21: Não | T21: Sim | U21: =IF(N21=0,(I21*(L21/100)),0) -> 0
A22: VGSP-102_003,000_CC4 | B22: 3,000 | C22: 3,500 | D22: =C22-B22 -> 0.5 | E22: CC | F22: =MID(A22,19,1) -> C | G22: -22.887652 | H22: -47.132087 | I22: 13724.57 | J22: =I22/500 -> 27.44914 | K22: 3.11 | L22: 50 | N22: =IF(OR(R22="Sim",S22="Sim",T22="Sim"),(L22/100)*I22,0) -> 0 | O22: Trator 1.7m | Q22: Não | R22: Não | S22: Não | T22: Não | U22: =IF(N22=0,(I22*(L22/100)),0) -> 6862.285 | V22: =(I22*(L22/100)) -> 6862.285
A23: VGSP-102_003,000_CC2 | B23: 3,000 | C23: 3,500 | D23: =C23-B23 -> 0.5 | E23: CC | F23: =MID(A23,19,1) -> C | G23: -22.891916 | H23: -47.133986 | I23: 7322.67 | J23: =I23/500 -> 14.64534 | K23: 4.92 | L23: 50 | N23: =IF(OR(R23="Sim",S23="Sim",T23="Sim"),(L23/100)*I23,0) -> 0 | O23: Trator 1.7m | Q23: Não | R23: Não | S23: Não | T23: Não | U23: =IF(N23=0,(I23*(L23/100)),0) -> 3661.335 | V23: =(I23*(L23/100)) -> 3661.335
A24: VGSP-102_003,000_CC1 | B24: 3,000 | C24: 3,500 | D24: =C24-B24 -> 0.5 | E24: CC | F24: =MID(A24,19,1) -> C | G24: -22.893744 | H24: -47.134815 | I24: 4150.7 | J24: =I24/500 -> 8.3014 | K24: 5.23 | L24: 50 | N24: =IF(OR(R24="Sim",S24="Sim",T24="Sim"),(L24/100)*I24,0) -> 0 | O24: Trator 1.7m | Q24: Não | R24: Não | S24: Não | T24: Não | U24: =IF(N24=0,(I24*(L24/100)),0) -> 2075.35 | V24: =(I24*(L24/100)) -> 2075.35
A25: VGSP-102_003,000_EN_CL5 | B25: 3,000 | C25: 3,500 | D25: =C25-B25 -> 0.5 | E25: CL | F25: =MID(A25,19,1) -> N | G25: -22.890052 | H25: -47.132809 | I25: 397.68 | K25: 7.45 | L25: 30 | N25: =IF(OR(R25="Sim",S25="Sim",T25="Sim"),(L25/100)*I25,0) -> 0 | O25: Trator 1.7m | Q25: Não | R25: Não | S25: Não | T25: Não | U25: =IF(N25=0,(I25*(L25/100)),0) -> 119.304 | V25: =(I25*(L25/100)) -> 119.304
A26: VGSP-102_003,000_EN_CL3 | B26: 3,000 | C26: 3,500 | D26: =C26-B26 -> 0.5 | E26: CL | F26: =MID(A26,19,1) -> N | G26: -22.891976 | H26: -47.133672 | I26: 964.3 | K26: 6.28 | L26: 30 | N26: =IF(OR(R26="Sim",S26="Sim",T26="Sim"),(L26/100)*I26,0) -> 0 | O26: Trator 1.7m | Q26: Não | R26: Não | S26: Não | T26: Não | U26: =IF(N26=0,(I26*(L26/100)),0) -> 289.29 | V26: =(I26*(L26/100)) -> 289.29
A27: VGSP-102_003,000_EN_CL1 | B27: 3,000 | C27: 3,500 | D27: =C27-B27 -> 0.5 | E27: CL | F27: =MID(A27,19,1) -> N | G27: -22.893854 | H27: -47.134553 | I27: 473.99 | K27: 6.07 | L27: 30 | N27: =IF(OR(R27="Sim",S27="Sim",T27="Sim"),(L27/100)*I27,0) -> 0 | O27: Trator 1.7m | Q27: Não | R27: Não | S27: Não | T27: Não | U27: =IF(N27=0,(I27*(L27/100)),0) -> 142.197 | V27: =(I27*(L27/100)) -> 142.197
A28: VGSP-102_003,000_ES_CL2 | B28: 3,000 | C28: 3,500 | D28: =C28-B28 -> 0.5 | E28: CL | F28: =MID(A28,19,1) -> S | G28: -22.891726 | H28: -47.134252 | I28: 934.25 | K28: 4.57 | L28: 70 | N28: =IF(OR(R28="Sim",S28="Sim",T28="Sim"),(L28/100)*I28,0) -> 653.975 | O28: Trator com braço articulado | Q28: Não | R28: Não | S28: Não | T28: Sim | U28: =IF(N28=0,(I28*(L28/100)),0) -> 0
A29: VGSP-102_003,000_ES_CL1 | B29: 3,000 | C29: 3,500 | D29: =C29-B29 -> 0.5 | E29: CL | F29: =MID(A29,19,1) -> S | G29: -22.893629 | H29: -47.135105 | I29: 509.62 | K29: 4.1 | L29: 70 | N29: =IF(OR(R29="Sim",S29="Sim",T29="Sim"),(L29/100)*I29,0) -> 356.734 | O29: Trator com braço articulado | Q29: Não | R29: Não | S29: Não | T29: Sim | U29: =IF(N29=0,(I29*(L29/100)),0) -> 0
A30: VGSP-102_003,000_EN_CL4 | B30: 3,000 | C30: 3,500 | D30: =C30-B30 -> 0.5 | E30: CL | F30: =MID(A30,19,1) -> N | G30: -22.887744 | H30: -47.131795 | I30: 1636.96 | K30: 3.66 | L30: 30 | N30: =IF(OR(R30="Sim",S30="Sim",T30="Sim"),(L30/100)*I30,0) -> 0 | O30: Trator 1.7m | Q30: Não | R30: Não | S30: Não | T30: Não | U30: =IF(N30=0,(I30*(L30/100)),0) -> 491.088 | V30: =(I30*(L30/100)) -> 491.088
A31: VGSP-102_003,000_EN_CL2 | B31: 3,000 | C31: 3,500 | D31: =C31-B31 -> 0.5 | E31: CL | F31: =MID(A31,19,1) -> N | G31: -22.893195 | H31: -47.134222 | I31: 8.11 | K31: 4.08 | N31: =IF(OR(R31="Sim",S31="Sim",T31="Sim"),(L31/100)*I31,0) -> 0 | Q31: Não | R31: Não | S31: Não | T31: Não | U31: =IF(N31=0,(I31*(L31/100)),0) -> 0 | V31: =(I31*(L31/100)) -> 0
A32: VGSP-102_004,000_ES_CL2 | B32: 4,000 | C32: 4,500 | D32: =C32-B32 -> 0.5 | E32: CL | F32: =MID(A32,19,1) -> S | G32: -22.89723 | H32: -47.136582 | I32: 1223.36 | K32: 5.29 | L32: 65 | N32: =IF(OR(R32="Sim",S32="Sim",T32="Sim"),(L32/100)*I32,0) -> 795.184 | O32: Trator com braço articulado | Q32: Não | R32: Não | S32: Não | T32: Sim | U32: =IF(N32=0,(I32*(L32/100)),0) -> 0
A33: VGSP-102_004,000_EN_CL1 | B33: 4,000 | C33: 4,500 | D33: =C33-B33 -> 0.5 | E33: CL | F33: =MID(A33,19,1) -> N | G33: -22.901182 | H33: -47.136561 | I33: 1900.28 | K33: 6.35 | L33: 30 | N33: =IF(OR(R33="Sim",S33="Sim",T33="Sim"),(L33/100)*I33,0) -> 0 | O33: Trator 1.7m | Q33: Não | R33: Não | S33: Não | T33: Não | U33: =IF(N33=0,(I33*(L33/100)),0) -> 570.084 | V33: =(I33*(L33/100)) -> 570.084
A34: VGSP-102_004,000_EN_CL2 | B34: 4,000 | C34: 4,500 | D34: =C34-B34 -> 0.5 | E34: CL | F34: =MID(A34,19,1) -> N | G34: -22.8966 | H34: -47.135683 | I34: 1929.66 | K34: 4.99 | L34: 30 | N34: =IF(OR(R34="Sim",S34="Sim",T34="Sim"),(L34/100)*I34,0) -> 0 | O34: Trator 1.7m | Q34: Não | R34: Não | S34: Não | T34: Não | U34: =IF(N34=0,(I34*(L34/100)),0) -> 578.898 | V34: =(I34*(L34/100)) -> 578.898
A35: VGSP-102_004,000_CC2 | B35: 4,000 | C35: 4,500 | D35: =C35-B35 -> 0.5 | E35: CC | F35: =MID(A35,19,1) -> C | G35: -22.896514 | H35: -47.135978 | I35: 15947.51 | J35: =I35/500 -> 31.89502 | K35: 4.97 | L35: 50 | N35: =IF(OR(R35="Sim",S35="Sim",T35="Sim"),(L35/100)*I35,0) -> 0 | O35: Trator 1.7m | Q35: Não | R35: Não | S35: Não | T35: Não | U35: =IF(N35=0,(I35*(L35/100)),0) -> 7973.755 | V35: =(I35*(L35/100)) -> 7973.755
A36: VGSP-102_004,000_ES_CL3 | B36: 4,000 | C36: 4,500 | D36: =C36-B36 -> 0.5 | E36: CL | F36: =MID(A36,19,1) -> S | G36: -22.894994 | H36: -47.135724 | I36: 698.88 | K36: 4.55 | L36: 65 | N36: =IF(OR(R36="Sim",S36="Sim",T36="Sim"),(L36/100)*I36,0) -> 454.272 | O36: Trator com braço articulado | Q36: Não | R36: Sim | S36: Não | T36: Sim | U36: =IF(N36=0,(I36*(L36/100)),0) -> 0
A37: VGSP-102_004,000_CC1 | B37: 4,000 | C37: 4,500 | D37: =C37-B37 -> 0.5 | E37: CC | F37: =MID(A37,19,1) -> C | G37: -22.901126 | H37: -47.136872 | I37: 16119.56 | J37: =I37/500 -> 32.23912 | K37: 5.65 | L37: 50 | N37: =IF(OR(R37="Sim",S37="Sim",T37="Sim"),(L37/100)*I37,0) -> 0 | O37: Trator 1.7m | Q37: Não | R37: Não | S37: Não | T37: Não | U37: =IF(N37=0,(I37*(L37/100)),0) -> 8059.78 | V37: =(I37*(L37/100)) -> 8059.78
A38: VGSP-102_004,000_ES_CL1 | B38: 4,000 | C38: 4,500 | D38: =C38-B38 -> 0.5 | E38: CL | F38: =MID(A38,19,1) -> S | G38: -22.901058 | H38: -47.137176 | I38: 1951.06 | K38: 7.47 | L38: 30 | N38: =IF(OR(R38="Sim",S38="Sim",T38="Sim"),(L38/100)*I38,0) -> 0 | O38: Trator 1.7m | Q38: Não | R38: Não | S38: Não | T38: Não | U38: =IF(N38=0,(I38*(L38/100)),0) -> 585.318 | V38: =(I38*(L38/100)) -> 585.318
A39: VGSP-102_005,000_EN_CL3 | B39: 5,000 | C39: 5,500 | D39: =C39-B39 -> 0.5 | E39: CL | F39: =MID(A39,19,1) -> N | G39: -22.90764 | H39: -47.136558 | I39: 2009.54 | K39: 3.98 | L39: 70 | N39: =IF(OR(R39="Sim",S39="Sim",T39="Sim"),(L39/100)*I39,0) -> 1406.678 | O39: Spider | Q39: Não | R39: Não | S39: Não | T39: Sim | U39: =IF(N39=0,(I39*(L39/100)),0) -> 0
A40: VGSP-102_005,000_EN_CL1 | B40: 5,000 | C40: 5,500 | D40: =C40-B40 -> 0.5 | E40: CL | F40: =MID(A40,19,1) -> N | G40: -22.908965 | H40: -47.13649 | I40: 1907.39 | K40: 5.91 | L40: 60 | N40: =IF(OR(R40="Sim",S40="Sim",T40="Sim"),(L40/100)*I40,0) -> 1144.434 | O40: Trator com braço articulado | Q40: Não | R40: Não | S40: Não | T40: Sim | U40: =IF(N40=0,(I40*(L40/100)),0) -> 0
A41: VGSP-102_005,000_EN_CL2 | B41: 5,000 | C41: 5,500 | D41: =C41-B41 -> 0.5 | E41: CL | F41: =MID(A41,19,1) -> N | G41: -22.905176 | H41: -47.13662 | I41: 1363.12 | K41: 10.39 | L41: 30 | N41: =IF(OR(R41="Sim",S41="Sim",T41="Sim"),(L41/100)*I41,0) -> 0 | O41: Trator 1.7m | Q41: Não | R41: Não | S41: Não | T41: Não | U41: =IF(N41=0,(I41*(L41/100)),0) -> 408.936 | V41: =(I41*(L41/100)) -> 408.936
A42: VGSP-102_005,000_ES_CL1 | B42: 5,000 | C42: 5,500 | D42: =C42-B42 -> 0.5 | E42: CL | F42: =MID(A42,19,1) -> S | G42: -22.909189 | H42: -47.13726 | I42: 1890.91 | K42: 4.5 | L42: 30 | N42: =IF(OR(R42="Sim",S42="Sim",T42="Sim"),(L42/100)*I42,0) -> 0 | O42: Trator 1.7m | Q42: Não | R42: Não | S42: Não | T42: Não | U42: =IF(N42=0,(I42*(L42/100)),0) -> 567.273 | V42: =(I42*(L42/100)) -> 567.273
A43: VGSP-102_005,000_ES_CL2 | B43: 5,000 | C43: 5,500 | D43: =C43-B43 -> 0.5 | E43: CL | F43: =MID(A43,19,1) -> S | G43: -22.907095 | H43: -47.137375 | I43: 1.88 | K43: 6.34 | N43: =IF(OR(R43="Sim",S43="Sim",T43="Sim"),(L43/100)*I43,0) -> 0 | Q43: Não | R43: Não | S43: Não | T43: Não | U43: =IF(N43=0,(I43*(L43/100)),0) -> 0 | V43: =(I43*(L43/100)) -> 0
A44: VGSP-102_005,000_CC2 | B44: 5,000 | C44: 5,500 | D44: =C44-B44 -> 0.5 | E44: CC | F44: =MID(A44,19,1) -> C | G44: -22.905195 | H44: -47.136935 | I44: 11742.12 | J44: =I44/500 -> 23.48424 | K44: 7.57 | L44: 50 | N44: =IF(OR(R44="Sim",S44="Sim",T44="Sim"),(L44/100)*I44,0) -> 0 | O44: Trator 1.7m | Q44: Não | R44: Não | S44: Não | T44: Não | U44: =IF(N44=0,(I44*(L44/100)),0) -> 5871.06 | V44: =(I44*(L44/100)) -> 5871.06
A45: VGSP-102_005,000_CC3 | B45: 5,000 | C45: 5,500 | D45: =C45-B45 -> 0.5 | E45: CC | F45: =MID(A45,19,1) -> C | G45: -22.906995 | H45: -47.136923 | I45: 289.34 | J45: =I45/500 -> 0.57868 | K45: 2.89 | L45: 50 | N45: =IF(OR(R45="Sim",S45="Sim",T45="Sim"),(L45/100)*I45,0) -> 0 | O45: Trator 1.7m | Q45: Não | R45: Não | S45: Não | T45: Não | U45: =IF(N45=0,(I45*(L45/100)),0) -> 144.67 | V45: =(I45*(L45/100)) -> 144.67
A46: VGSP-102_005,000_ES_CL4 | B46: 5,000 | C46: 5,500 | D46: =C46-B46 -> 0.5 | E46: CL | F46: =MID(A46,19,1) -> S | G46: -22.907945 | H46: -47.137328 | I46: 2930.97 | K46: 5.84 | L46: 70 | N46: =IF(OR(R46="Sim",S46="Sim",T46="Sim"),(L46/100)*I46,0) -> 2051.679 | O46: Spider | Q46: Não | R46: Não | S46: Não | T46: Sim | U46: =IF(N46=0,(I46*(L46/100)),0) -> 0
A47: VGSP-102_005,000_CC1 | B47: 5,000 | C47: 5,500 | D47: =C47-B47 -> 0.5 | E47: CC | F47: =MID(A47,19,1) -> C | G47: -22.909261 | H47: -47.13686 | I47: 14084.71 | J47: =I47/500 -> 28.16942 | K47: 4.38 | L47: 50 | N47: =IF(OR(R47="Sim",S47="Sim",T47="Sim"),(L47/100)*I47,0) -> 0 | O47: Trator 1.7m | Q47: Não | R47: Não | S47: Não | T47: Não | U47: =IF(N47=0,(I47*(L47/100)),0) -> 7042.355 | V47: =(I47*(L47/100)) -> 7042.355
A48: VGSP-102_005,000_ES_CL3 | B48: 5,000 | C48: 5,500 | D48: =C48-B48 -> 0.5 | E48: CL | F48: =MID(A48,19,1) -> S | G48: -22.905253 | H48: -47.137242 | I48: 1477.29 | K48: 4.48 | L48: 30 | N48: =IF(OR(R48="Sim",S48="Sim",T48="Sim"),(L48/100)*I48,0) -> 0 | O48: Trator 1.7m | Q48: Não | R48: Não | S48: Não | T48: Não | U48: =IF(N48=0,(I48*(L48/100)),0) -> 443.187 | V48: =(I48*(L48/100)) -> 443.187
A49: VGSP-102_006,000_ES_CL2 | B49: 6,000 | C49: 6,500 | D49: =C49-B49 -> 0.5 | E49: CL | F49: =MID(A49,19,1) -> S | G49: -22.913599 | H49: -47.13624 | I49: 1833.68 | K49: 4.63 | L49: 30 | N49: =IF(OR(R49="Sim",S49="Sim",T49="Sim"),(L49/100)*I49,0) -> 0 | O49: Trator 1.7m | Q49: Não | R49: Não | S49: Não | T49: Não | U49: =IF(N49=0,(I49*(L49/100)),0) -> 550.104 | V49: =(I49*(L49/100)) -> 550.104
A50: VGSP-102_006,000_EN_CL1 | B50: 6,000 | C50: 6,500 | D50: =C50-B50 -> 0.5 | E50: CL | F50: =MID(A50,19,1) -> N | G50: -22.919745 | H50: -47.133203 | I50: 3740.18 | K50: 6.34 | L50: 30 | N50: =IF(OR(R50="Sim",S50="Sim",T50="Sim"),(L50/100)*I50,0) -> 0 | O50: Trator 1.7m | Q50: Não | R50: Não | S50: Não | T50: Não | U50: =IF(N50=0,(I50*(L50/100)),0) -> 1122.054 | V50: =(I50*(L50/100)) -> 1122.054
A51: VGSP-102_006,000_EN_CL2 | B51: 6,000 | C51: 6,500 | D51: =C51-B51 -> 0.5 | E51: CL | F51: =MID(A51,19,1) -> N | G51: -22.913399 | H51: -47.135648 | I51: 1831.42 | K51: 4.14 | L51: 60 | N51: =IF(OR(R51="Sim",S51="Sim",T51="Sim"),(L51/100)*I51,0) -> 1098.852 | O51: Trator com braço articulado | Q51: Não | R51: Não | S51: Não | T51: Sim | U51: =IF(N51=0,(I51*(L51/100)),0) -> 0
A52: VGSP-102_006,000_CC1 | B52: 6,000 | C52: 6,500 | D52: =C52-B52 -> 0.5 | E52: CC | F52: =MID(A52,19,1) -> C | G52: -22.913487 | H52: -47.135952 | I52: 15333.78 | J52: =I52/500 -> 30.66756 | K52: 3.51 | L52: 50 | N52: =IF(OR(R52="Sim",S52="Sim",T52="Sim"),(L52/100)*I52,0) -> 0 | O52: Trator 1.7m | Q52: Não | R52: Não | S52: Não | T52: Não | U52: =IF(N52=0,(I52*(L52/100)),0) -> 7666.89 | V52: =(I52*(L52/100)) -> 7666.89
A53: VGSP-102_006,000_ES_CL1 | B53: 6,000 | C53: 6,500 | D53: =C53-B53 -> 0.5 | E53: CL | F53: =MID(A53,19,1) -> S | G53: -22.918574 | H53: -47.134666 | I53: 2414.32 | K53: 4.14 | L53: 30 | N53: =IF(OR(R53="Sim",S53="Sim",T53="Sim"),(L53/100)*I53,0) -> 0 | O53: Trator 1.7m | Q53: Não | R53: Não | S53: Não | T53: Não | U53: =IF(N53=0,(I53*(L53/100)),0) -> 724.296 | V53: =(I53*(L53/100)) -> 724.296
A54: VGSP-102_006,000_CC2 | B54: 6,000 | C54: 6,500 | D54: =C54-B54 -> 0.5 | E54: CC | F54: =MID(A54,19,1) -> C | G54: -22.919413 | H54: -47.133854 | I54: 29528.93 | J54: =I54/500 -> 59.05786 | K54: 4.42 | L54: 50 | N54: =IF(OR(R54="Sim",S54="Sim",T54="Sim"),(L54/100)*I54,0) -> 0 | O54: Trator 1.7m | Q54: Não | R54: Não | S54: Não | T54: Não | U54: =IF(N54=0,(I54*(L54/100)),0) -> 14764.465 | V54: =(I54*(L54/100)) -> 14764.465
A55: VGSP-330_011,000_EN_CL1 | B55: 11,000 | C55: 11,500 | D55: =C55-B55 -> 0.5 | E55: CL | F55: =MID(A55,19,1) -> N | G55: -23.513043 | H55: -46.726754 | I55: 1674.76 | K55: 3.4 | L55: 0 | N55: =IF(OR(R55="Sim",S55="Sim",T55="Sim"),(L55/100)*I55,0) -> 0 | Q55: Não | R55: Não | S55: Não | T55: Não | U55: =IF(N55=0,(I55*(L55/100)),0) -> 0 | V55: =(I55*(L55/100)) -> 0
A56: VGSP-330_011,000_EN_CL2 | B56: 11,000 | C56: 11,500 | D56: =C56-B56 -> 0.5 | E56: CL | F56: =MID(A56,19,1) -> N | G56: -23.512489 | H56: -46.726112 | I56: 3107.96 | K56: 4.7 | L56: 0 | N56: =IF(OR(R56="Sim",S56="Sim",T56="Sim"),(L56/100)*I56,0) -> 0 | Q56: Não | R56: Não | S56: Não | T56: Não | U56: =IF(N56=0,(I56*(L56/100)),0) -> 0 | V56: =(I56*(L56/100)) -> 0
A57: VGSP-330_011,000_CC3 | B57: 11,000 | C57: 11,500 | D57: =C57-B57 -> 0.5 | E57: CC | F57: =MID(A57,19,1) -> C | G57: -23.512422 | H57: -46.724955 | I57: 6.93 | J57: =I57/500 -> 0.01386 | K57: 9.6 | N57: =IF(OR(R57="Sim",S57="Sim",T57="Sim"),(L57/100)*I57,0) -> 0 | Q57: Não | R57: Não | S57: Não | T57: Não | U57: =IF(N57=0,(I57*(L57/100)),0) -> 0 | V57: =(I57*(L57/100)) -> 0
A58: VGSP-330_011,000_CC1 | B58: 11,000 | C58: 11,500 | D58: =C58-B58 -> 0.5 | E58: CC | F58: =MID(A58,19,1) -> C | G58: -23.513939 | H58: -46.727235 | I58: 375.84 | J58: =I58/500 -> 0.75168 | K58: 5.07 | L58: 0 | N58: =IF(OR(R58="Sim",S58="Sim",T58="Sim"),(L58/100)*I58,0) -> 0 | Q58: Não | R58: Não | S58: Não | T58: Não | U58: =IF(N58=0,(I58*(L58/100)),0) -> 0 | V58: =(I58*(L58/100)) -> 0
A59: VGSP-330_011,000_CC2 | B59: 11,000 | C59: 11,500 | D59: =C59-B59 -> 0.5 | E59: CC | F59: =MID(A59,19,1) -> C | G59: -23.512871 | H59: -46.726082 | I59: 4813.16 | J59: =I59/500 -> 9.62632 | K59: 2.99 | L59: 0 | N59: =IF(OR(R59="Sim",S59="Sim",T59="Sim"),(L59/100)*I59,0) -> 0 | Q59: Não | R59: Não | S59: Não | T59: Não | U59: =IF(N59=0,(I59*(L59/100)),0) -> 0 | V59: =(I59*(L59/100)) -> 0
A60: VGSP-330_011,000_ES_CL1 | B60: 11,000 | C60: 11,500 | D60: =C60-B60 -> 0.5 | E60: CL | F60: =MID(A60,19,1) -> S | G60: -23.513625 | H60: -46.727482 | I60: 291.5 | K60: 3.93 | L60: 0 | N60: =IF(OR(R60="Sim",S60="Sim",T60="Sim"),(L60/100)*I60,0) -> 0 | Q60: Não | R60: Não | S60: Não | T60: Não | U60: =IF(N60=0,(I60*(L60/100)),0) -> 0 | V60: =(I60*(L60/100)) -> 0
A61: VGSP-330_011,000_ES_CL2 | B61: 11,000 | C61: 11,500 | D61: =C61-B61 -> 0.5 | E61: CL | F61: =MID(A61,19,1) -> S | G61: -23.513154 | H61: -46.727175 | I61: 4411.68 | K61: 3.32 | L61: 0 | N61: =IF(OR(R61="Sim",S61="Sim",T61="Sim"),(L61/100)*I61,0) -> 0 | Q61: Não | R61: Não | S61: Não | T61: Não | U61: =IF(N61=0,(I61*(L61/100)),0) -> 0 | V61: =(I61*(L61/100)) -> 0
A62: VGSP-330_012,000_EN_CL7 | B62: 12,000 | C62: 12,500 | D62: =C62-B62 -> 0.5 | E62: CL | F62: =MID(A62,19,1) -> N | G62: -23.50849 | H62: -46.731492 | I62: 139.71 | K62: 2.58 | L62: 0 | N62: =IF(OR(R62="Sim",S62="Sim",T62="Sim"),(L62/100)*I62,0) -> 0 | Q62: Não | R62: Não | S62: Não | T62: Não | U62: =IF(N62=0,(I62*(L62/100)),0) -> 0 | V62: =(I62*(L62/100)) -> 0
A63: VGSP-330_012,000_ES_CL11 | B63: 12,000 | C63: 12,500 | D63: =C63-B63 -> 0.5 | E63: CL | F63: =MID(A63,19,1) -> S | G63: -23.509346 | H63: -46.731992 | I63: 104.96 | K63: 2.79 | L63: 0 | N63: =IF(OR(R63="Sim",S63="Sim",T63="Sim"),(L63/100)*I63,0) -> 0 | Q63: Não | R63: Não | S63: Não | T63: Não | U63: =IF(N63=0,(I63*(L63/100)),0) -> 0 | V63: =(I63*(L63/100)) -> 0
A64: VGSP-330_012,000_EN_CL5 | B64: 12,000 | C64: 12,500 | D64: =C64-B64 -> 0.5 | E64: CL | F64: =MID(A64,19,1) -> N | G64: -23.51149 | H64: -46.726904 | I64: 65.75 | K64: 8.19 | L64: 0 | N64: =IF(OR(R64="Sim",S64="Sim",T64="Sim"),(L64/100)*I64,0) -> 0 | Q64: Não | R64: Não | S64: Não | T64: Não | U64: =IF(N64=0,(I64*(L64/100)),0) -> 0 | V64: =(I64*(L64/100)) -> 0
A65: VGSP-330_012,000_ES_CL14 | B65: 12,000 | C65: 12,500 | D65: =C65-B65 -> 0.5 | E65: CL | F65: =MID(A65,19,1) -> S | G65: -23.50892 | H65: -46.732644 | I65: 2626.94 | K65: 2.38 | L65: 75 | N65: =IF(OR(R65="Sim",S65="Sim",T65="Sim"),(L65/100)*I65,0) -> 1970.205 | O65: Spider | Q65: Não | R65: Sim | S65: Não | T65: Não | U65: =IF(N65=0,(I65*(L65/100)),0) -> 0
A66: VGSP-330_012,000_EN_CL9 | B66: 12,000 | C66: 12,500 | D66: =C66-B66 -> 0.5 | E66: CL | F66: =MID(A66,19,1) -> N | G66: -23.508409 | H66: -46.732652 | I66: 1013.78 | K66: 4.46 | L66: 0 | N66: =IF(OR(R66="Sim",S66="Sim",T66="Sim"),(L66/100)*I66,0) -> 0 | Q66: Não | R66: Não | S66: Não | T66: Não | U66: =IF(N66=0,(I66*(L66/100)),0) -> 0 | V66: =(I66*(L66/100)) -> 0
A67: VGSP-330_012,000_ES_CL15 | B67: 12,000 | C67: 12,500 | D67: =C67-B67 -> 0.5 | E67: CL | F67: =MID(A67,19,1) -> S | G67: -23.508778 | H67: -46.734098 | I67: 145.01 | K67: 8.23 | L67: 0 | N67: =IF(OR(R67="Sim",S67="Sim",T67="Sim"),(L67/100)*I67,0) -> 0 | Q67: Sim | R67: Não | S67: Não | T67: Não | U67: =IF(N67=0,(I67*(L67/100)),0) -> 0
A68: VGSP-330_012,000_EN_CL11 | B68: 12,000 | C68: 12,500 | D68: =C68-B68 -> 0.5 | E68: CL | F68: =MID(A68,19,1) -> N | G68: -23.508199 | H68: -46.733098 | I68: 19.38 | K68: 7.2 | N68: =IF(OR(R68="Sim",S68="Sim",T68="Sim"),(L68/100)*I68,0) -> 0 | Q68: Não | R68: Não | S68: Não | T68: Não | U68: =IF(N68=0,(I68*(L68/100)),0) -> 0 | V68: =(I68*(L68/100)) -> 0
A69: VGSP-330_012,000_EN_CL1 | B69: 12,000 | C69: 12,500 | D69: =C69-B69 -> 0.5 | E69: CL | F69: =MID(A69,19,1) -> N | G69: -23.512111 | H69: -46.726099 | I69: 399.45 | K69: 7.16 | L69: 0 | N69: =IF(OR(R69="Sim",S69="Sim",T69="Sim"),(L69/100)*I69,0) -> 0 | Q69: Não | R69: Não | S69: Não | T69: Não | U69: =IF(N69=0,(I69*(L69/100)),0) -> 0 | V69: =(I69*(L69/100)) -> 0
A70: VGSP-330_012,000_EN_CL4 | B70: 12,000 | C70: 12,500 | D70: =C70-B70 -> 0.5 | E70: CL | F70: =MID(A70,19,1) -> N | G70: -23.511699 | H70: -46.72732 | I70: 101.29 | K70: 5.59 | L70: 0 | N70: =IF(OR(R70="Sim",S70="Sim",T70="Sim"),(L70/100)*I70,0) -> 0 | Q70: Não | R70: Não | S70: Não | T70: Não | U70: =IF(N70=0,(I70*(L70/100)),0) -> 0 | V70: =(I70*(L70/100)) -> 0
A71: VGSP-330_012,000_EN_CL2 | B71: 12,000 | C71: 12,500 | D71: =C71-B71 -> 0.5 | E71: CL | F71: =MID(A71,19,1) -> N | G71: -23.512038 | H71: -46.726746 | I71: 458.7 | K71: 4.66 | L71: 0 | N71: =IF(OR(R71="Sim",S71="Sim",T71="Sim"),(L71/100)*I71,0) -> 0 | Q71: Não | R71: Não | S71: Não | T71: Não | U71: =IF(N71=0,(I71*(L71/100)),0) -> 0 | V71: =(I71*(L71/100)) -> 0
A72: VGSP-330_012,000_ES_CL13 | B72: 12,000 | C72: 12,500 | D72: =C72-B72 -> 0.5 | E72: CL | F72: =MID(A72,19,1) -> S | G72: -23.508668 | H72: -46.734224 | I72: 626.5 | K72: 6.8 | L72: 0 | N72: =IF(OR(R72="Sim",S72="Sim",T72="Sim"),(L72/100)*I72,0) -> 0 | Q72: Não | R72: Não | S72: Não | T72: Não | U72: =IF(N72=0,(I72*(L72/100)),0) -> 0 | V72: =(I72*(L72/100)) -> 0
A73: VGSP-330_012,000_ES_CL6 | B73: 12,000 | C73: 12,500 | D73: =C73-B73 -> 0.5 | E73: CL | F73: =MID(A73,19,1) -> S | G73: -23.511396 | H73: -46.72788 | I73: 278.96 | K73: 5.22 | L73: 0 | N73: =IF(OR(R73="Sim",S73="Sim",T73="Sim"),(L73/100)*I73,0) -> 0 | Q73: Não | R73: Não | S73: Não | T73: Não | U73: =IF(N73=0,(I73*(L73/100)),0) -> 0 | V73: =(I73*(L73/100)) -> 0
A74: VGSP-330_012,000_EN_CL10 | B74: 12,000 | C74: 12,500 | D74: =C74-B74 -> 0.5 | E74: CL | F74: =MID(A74,19,1) -> N | G74: -23.508229 | H74: -46.734033 | I74: 258.99 | K74: 5.53 | L74: 0 | N74: =IF(OR(R74="Sim",S74="Sim",T74="Sim"),(L74/100)*I74,0) -> 0 | Q74: Não | R74: Não | S74: Não | T74: Não | U74: =IF(N74=0,(I74*(L74/100)),0) -> 0 | V74: =(I74*(L74/100)) -> 0
A75: VGSP-330_012,000_ES_CL10 | B75: 12,000 | C75: 12,500 | D75: =C75-B75 -> 0.5 | E75: CL | F75: =MID(A75,19,1) -> S | G75: -23.509391 | H75: -46.731865 | I75: 58.79 | K75: 3.02 | L75: 0 | N75: =IF(OR(R75="Sim",S75="Sim",T75="Sim"),(L75/100)*I75,0) -> 0 | Q75: Não | R75: Não | S75: Não | T75: Não | U75: =IF(N75=0,(I75*(L75/100)),0) -> 0 | V75: =(I75*(L75/100)) -> 0
A76: VGSP-330_012,000_ES_CL7 | B76: 12,000 | C76: 12,500 | D76: =C76-B76 -> 0.5 | E76: CL | F76: =MID(A76,19,1) -> S | G76: -23.511027 | H76: -46.728609 | I76: 260.73 | K76: 7.18 | L76: 0 | N76: =IF(OR(R76="Sim",S76="Sim",T76="Sim"),(L76/100)*I76,0) -> 0 | Q76: Não | R76: Não | S76: Não | T76: Não | U76: =IF(N76=0,(I76*(L76/100)),0) -> 0 | V76: =(I76*(L76/100)) -> 0
A77: VGSP-330_012,000_ES_CL2 | B77: 12,000 | C77: 12,500 | D77: =C77-B77 -> 0.5 | E77: CL | F77: =MID(A77,19,1) -> S | G77: -23.512143 | H77: -46.727373 | I77: 143.37 | K77: 3.61 | L77: 0 | N77: =IF(OR(R77="Sim",S77="Sim",T77="Sim"),(L77/100)*I77,0) -> 0 | Q77: Não | R77: Não | S77: Não | T77: Não | U77: =IF(N77=0,(I77*(L77/100)),0) -> 0 | V77: =(I77*(L77/100)) -> 0
A78: VGSP-330_012,000_ES_CL8 | B78: 12,000 | C78: 12,500 | D78: =C78-B78 -> 0.5 | E78: CL | F78: =MID(A78,19,1) -> S | G78: -23.509929 | H78: -46.72996 | I78: 1306.41 | K78: 4.03 | L78: 0 | N78: =IF(OR(R78="Sim",S78="Sim",T78="Sim"),(L78/100)*I78,0) -> 0 | Q78: Não | R78: Não | S78: Não | T78: Não | U78: =IF(N78=0,(I78*(L78/100)),0) -> 0 | V78: =(I78*(L78/100)) -> 0
A79: VGSP-330_012,000_ES_CL5 | B79: 12,000 | C79: 12,500 | D79: =C79-B79 -> 0.5 | E79: CL | F79: =MID(A79,19,1) -> S | G79: -23.511987 | H79: -46.727905 | I79: 1159.44 | K79: 5.76 | L79: 0 | N79: =IF(OR(R79="Sim",S79="Sim",T79="Sim"),(L79/100)*I79,0) -> 0 | Q79: Não | R79: Não | S79: Não | T79: Não | U79: =IF(N79=0,(I79*(L79/100)),0) -> 0 | V79: =(I79*(L79/100)) -> 0
A80: VGSP-330_012,000_EN_CL6 | B80: 12,000 | C80: 12,500 | D80: =C80-B80 -> 0.5 | E80: CL | F80: =MID(A80,19,1) -> N | G80: -23.508631 | H80: -46.73168 | I80: 14.85 | K80: 3.34 | L80: 0 | N80: =IF(OR(R80="Sim",S80="Sim",T80="Sim"),(L80/100)*I80,0) -> 0 | Q80: Não | R80: Não | S80: Não | T80: Não | U80: =IF(N80=0,(I80*(L80/100)),0) -> 0 | V80: =(I80*(L80/100)) -> 0
... A85: VGSP-330_012,000_ES_CL9 | B85: 12,000 | C85: 12,500 | D85: =C85-B85 -> 0.5 | E85: CL | F85: =MID(A85,19,1) -> S | G85: -23.510536 | H85: -46.72897 | I85: 1324.56 | K85: 4.12 | L85: 0 | N85: =IF(OR(R85="Sim",S85="Sim",T85="Sim"),(L85/100)*I85,0) -> 0 | Q85: Não | R85: Não | S85: Não | T85: Não | U85: =IF(N85=0,(I85*(L85/100)),0) -> 0 | V85: =(I85*(L85/100)) -> 0
A86: VGSP-330_012,000_ES_CL16 | B86: 12,000 | C86: 12,500 | D86: =C86-B86 -> 0.5 | E86: CL | F86: =MID(A86,19,1) -> S | G86: -23.508835 | H86: -46.73367 | I86: 27.31 | K86: 6.95 | L86: 0 | N86: =IF(OR(R86="Sim",S86="Sim",T86="Sim"),(L86/100)*I86,0) -> 0 | Q86: Sim | R86: Não | S86: Não | T86: Não | U86: =IF(N86=0,(I86*(L86/100)),0) -> 0
A87: VGSP-330_012,000_ES_CL12 | B87: 12,000 | C87: 12,500 | D87: =C87-B87 -> 0.5 | E87: CL | F87: =MID(A87,19,1) -> S | G87: -23.509292 | H87: -46.73126 | I87: 1878.94 | K87: 3.59 | L87: 70 | N87: =IF(OR(R87="Sim",S87="Sim",T87="Sim"),(L87/100)*I87,0) -> 1315.258 | O87: Trator 1.7m, Spider | Q87: Não | R87: Sim | S87: Não | T87: Não | U87: =IF(N87=0,(I87*(L87/100)),0) -> 0
A88: VGSP-330_012,000_EN_CL3 | B88: 12,000 | C88: 12,500 | D88: =C88-B88 -> 0.5 | E88: CL | F88: =MID(A88,19,1) -> N | G88: -23.51174 | H88: -46.726994 | I88: 60.64 | K88: 7.16 | L88: 0 | N88: =IF(OR(R88="Sim",S88="Sim",T88="Sim"),(L88/100)*I88,0) -> 0 | Q88: Não | R88: Não | S88: Não | T88: Não | U88: =IF(N88=0,(I88*(L88/100)),0) -> 0 | V88: =(I88*(L88/100)) -> 0
A89: VGSP-330_013,000_EN_CL8 | B89: 13,000 | C89: 13,500 | D89: =C89-B89 -> 0.5 | E89: CL | F89: =MID(A89,19,1) -> N | G89: -23.507428 | H89: -46.744189 | I89: 354.75 | K89: 2.91 | L89: 10 | N89: =IF(OR(R89="Sim",S89="Sim",T89="Sim"),(L89/100)*I89,0) -> 0 | O89: Trator 1.7m | Q89: Não | R89: Não | S89: Não | T89: Não | U89: =IF(N89=0,(I89*(L89/100)),0) -> 35.475 | V89: =(I89*(L89/100)) -> 35.475
A90: VGSP-330_013,000_EN_CL10 | B90: 13,000 | C90: 13,500 | D90: =C90-B90 -> 0.5 | E90: CL | F90: =MID(A90,19,1) -> N | G90: -23.507375 | H90: -46.742364 | I90: 304.14 | K90: 3.66 | L90: 0 | N90: =IF(OR(R90="Sim",S90="Sim",T90="Sim"),(L90/100)*I90,0) -> 0 | Q90: Não | R90: Não | S90: Não | T90: Não | U90: =IF(N90=0,(I90*(L90/100)),0) -> 0 | V90: =(I90*(L90/100)) -> 0
A91: VGSP-330_013,000_CC3 | B91: 13,000 | C91: 13,500 | D91: =C91-B91 -> 0.5 | E91: CC | F91: =MID(A91,19,1) -> C | G91: -23.508134 | H91: -46.738629 | I91: 1352.89 | J91: =I91/500 -> 2.70578 | K91: 5.17 | L91: 80 | N91: =IF(OR(R91="Sim",S91="Sim",T91="Sim"),(L91/100)*I91,0) -> 0 | O91: Trator 1.7m | Q91: Não | R91: Não | S91: Não | T91: Não | U91: =IF(N91=0,(I91*(L91/100)),0) -> 1082.312 | V91: =(I91*(L91/100)) -> 1082.312
A92: VGSP-330_013,000_ES_CL7 | B92: 13,000 | C92: 13,500 | D92: =C92-B92 -> 0.5 | E92: CL | F92: =MID(A92,19,1) -> S | G92: -23.508628 | H92: -46.738878 | I92: 1249.59 | K92: 3.62 | L92: 0 | N92: =IF(OR(R92="Sim",S92="Sim",T92="Sim"),(L92/100)*I92,0) -> 0 | Q92: Não | R92: Não | S92: Não | T92: Não | U92: =IF(N92=0,(I92*(L92/100)),0) -> 0 | V92: =(I92*(L92/100)) -> 0
A93: VGSP-330_013,000_ES_CL11 | B93: 13,000 | C93: 13,500 | D93: =C93-B93 -> 0.5 | E93: CL | F93: =MID(A93,19,1) -> S | G93: -23.508337 | H93: -46.74423 | I93: 464.86 | K93: 3.99 | L93: 0 | N93: =IF(OR(R93="Sim",S93="Sim",T93="Sim"),(L93/100)*I93,0) -> 0 | Q93: Não | R93: Não | S93: Não | T93: Não | U93: =IF(N93=0,(I93*(L93/100)),0) -> 0 | V93: =(I93*(L93/100)) -> 0
A94: VGSP-330_013,000_ES_CL15 | B94: 13,000 | C94: 13,500 | D94: =C94-B94 -> 0.5 | E94: CL | F94: =MID(A94,19,1) -> S | G94: -23.50806 | H94: -46.744018 | I94: 25.32 | K94: 3.21 | L94: 0 | N94: =IF(OR(R94="Sim",S94="Sim",T94="Sim"),(L94/100)*I94,0) -> 0 | Q94: Não | R94: Não | S94: Não | T94: Não | U94: =IF(N94=0,(I94*(L94/100)),0) -> 0 | V94: =(I94*(L94/100)) -> 0
A95: VGSP-330_013,000_ES_CL13 | B95: 13,000 | C95: 13,500 | D95: =C95-B95 -> 0.5 | E95: CL | F95: =MID(A95,19,1) -> S | G95: -23.508171 | H95: -46.74123 | I95: 1238.7 | K95: 2.99 | L95: 0 | N95: =IF(OR(R95="Sim",S95="Sim",T95="Sim"),(L95/100)*I95,0) -> 0 | Q95: Não | R95: Não | S95: Não | T95: Não | U95: =IF(N95=0,(I95*(L95/100)),0) -> 0 | V95: =(I95*(L95/100)) -> 0
A96: VGSP-330_013,000_ES_CL9 | B96: 13,000 | C96: 13,500 | D96: =C96-B96 -> 0.5 | E96: CL | F96: =MID(A96,19,1) -> S | G96: -23.508514 | H96: -46.740216 | I96: 109.79 | K96: 0.97 | L96: 0 | N96: =IF(OR(R96="Sim",S96="Sim",T96="Sim"),(L96/100)*I96,0) -> 0 | Q96: Não | R96: Não | S96: Não | T96: Não | U96: =IF(N96=0,(I96*(L96/100)),0) -> 0 | V96: =(I96*(L96/100)) -> 0
A97: VGSP-330_013,000_ES_CL12 | B97: 13,000 | C97: 13,500 | D97: =C97-B97 -> 0.5 | E97: CL | F97: =MID(A97,19,1) -> S | G97: -23.508371 | H97: -46.74201 | I97: 1374.37 | K97: 2.13 | L97: 0 | N97: =IF(OR(R97="Sim",S97="Sim",T97="Sim"),(L97/100)*I97,0) -> 0 | Q97: Não | R97: Não | S97: Não | T97: Não | U97: =IF(N97=0,(I97*(L97/100)),0) -> 0 | V97: =(I97*(L97/100)) -> 0
A98: VGSP-330_013,000_ES_CL14 | B98: 13,000 | C98: 13,500 | D98: =C98-B98 -> 0.5 | E98: CL | F98: =MID(A98,19,1) -> S | G98: -23.508107 | H98: -46.743257 | I98: 1022.15 | K98: 2.86 | L98: 0 | N98: =IF(OR(R98="Sim",S98="Sim",T98="Sim"),(L98/100)*I98,0) -> 0 | Q98: Não | R98: Não | S98: Não | T98: Não | U98: =IF(N98=0,(I98*(L98/100)),0) -> 0 | V98: =(I98*(L98/100)) -> 0
A99: VGSP-330_013,000_ES_CL1 | B99: 13,000 | C99: 13,500 | D99: =C99-B99 -> 0.5 | E99: CL | F99: =MID(A99,19,1) -> S | G99: -23.509083 | H99: -46.738336 | I99: 49.1 | K99: 1.64 | L99: 0 | N99: =IF(OR(R99="Sim",S99="Sim",T99="Sim"),(L99/100)*I99,0) -> 0 | Q99: Não | R99: Não | S99: Não | T99: Não | U99: =IF(N99=0,(I99*(L99/100)),0) -> 0 | V99: =(I99*(L99/100)) -> 0
A100: VGSP-330_013,000_ES_CL6 | B100: 13,000 | C100: 13,500 | D100: =C100-B100 -> 0.5 | E100: CL | F100: =MID(A100,19,1) -> S | G100: -23.508546 | H100: -46.73975 | I100: 222.77 | K100: 1.71 | L100: 0 | N100: =IF(OR(R100="Sim",S100="Sim",T100="Sim"),(L100/100)*I100,0) -> 0 | Q100: Não | R100: Não | S100: Não | T100: Não | U100: =IF(N100=0,(I100*(L100/100)),0) -> 0 | V100: =(I100*(L100/100)) -> 0
A101: VGSP-330_013,000_ES_CL5 | B101: 13,000 | C101: 13,500 | D101: =C101-B101 -> 0.5 | E101: CL | F101: =MID(A101,19,1) -> S | G101: -23.508589 | H101: -46.739384 | I101: 80.45 | K101: 5.12 | L101: 0 | N101: =IF(OR(R101="Sim",S101="Sim",T101="Sim"),(L101/100)*I101,0) -> 0 | Q101: Não | R101: Não | S101: Não | T101: Não | U101: =IF(N101=0,(I101*(L101/100)),0) -> 0 | V101: =(I101*(L101/100)) -> 0
A102: VGSP-330_013,000_ES_CL8 | B102: 13,000 | C102: 13,500 | D102: =C102-B102 -> 0.5 | E102: CL | F102: =MID(A102,19,1) -> S | G102: -23.508289 | H102: -46.740157 | I102: 2812.02 | K102: 2.36 | L102: 0 | N102: =IF(OR(R102="Sim",S102="Sim",T102="Sim"),(L102/100)*I102,0) -> 0 | Q102: Não | R102: Não | S102: Não | T102: Não | U102: =IF(N102=0,(I102*(L102/100)),0) -> 0 | V102: =(I102*(L102/100)) -> 0
A103: VGSP-330_013,000_EN_CL4 | B103: 13,000 | C103: 13,500 | D103: =C103-B103 -> 0.5 | E103: CL | F103: =MID(A103,19,1) -> N | G103: -23.507697 | H103: -46.739971 | I103: 2284.1 | K103: 5.91 | L103: 0 | N103: =IF(OR(R103="Sim",S103="Sim",T103="Sim"),(L103/100)*I103,0) -> 0 | Q103: Não | R103: Não | S103: Não | T103: Não | U103: =IF(N103=0,(I103*(L103/100)),0) -> 0 | V103: =(I103*(L103/100)) -> 0
... A106: VGSP-330_013,000_EN_CL9 | B106: 13,000 | C106: 13,500 | D106: =C106-B106 -> 0.5 | E106: CL | F106: =MID(A106,19,1) -> N | G106: -23.507414 | H106: -46.741657 | I106: 80.9 | K106: 6.03 | L106: 0 | N106: =IF(OR(R106="Sim",S106="Sim",T106="Sim"),(L106/100)*I106,0) -> 0 | Q106: Não | R106: Não | S106: Não | T106: Não | U106: =IF(N106=0,(I106*(L106/100)),0) -> 0 | V106: =(I106*(L106/100)) -> 0
...

Sheet Resumo
B3: Item | C3: Rodovia | D3: Sentido | E3: Local | F3: km i | G3: km f | H3: Área | I3: Equipamento | J3: Causa Impeditivo atual | K3: Detalhamento
B4: 1 | C4: SP-102 | D4: Sul | E4: CL | F4: 1 | G4: 4.5 | H4: =SUM('AB '!N8:N36) -> 8717.1885 | I4: Trator com Braço Articulado | J4: Administrativa | K4: Não há equipamento no contrato atualmente
B5: 2 | C5: SP-330 | D5: Sul | E5: CL | F5: ='AB '!B65 -> 12,000 | G5: ='AB '!C65 -> 12,500 | H5: ='AB '!N65 -> 1970.205 | I5: Spider | J5: Bloqueio Físico | K5: Necessário abertura de defensa
B6: 3 | C6: SP-330 | D6: Sul | E6: CL | F6: ='AB '!B87 -> 12,000 | G6: ='AB '!C87 -> 12,500 | H6: ='AB '!N87 -> 1315.258 | I6: Spider | J6: Bloqueio Físico | K6: Necessário abertura de defensa
B7: 4 | C7: SP-330 | D7: Sul | E7: CL | F7: ='AB '!B227 -> 17,000 | G7: ='AB '!C227 -> 17,500 | H7: ='AB '!N227 -> 1315.804 | I7: Spider | J7: Bloqueio Físico | K7: Necessário abertura de defensa
B8: 5 | C8: SP-330 | D8: Sul | E8: CL | F8: ='AB '!B261 -> 18,000 | G8: ='AB '!C261 -> 18,500 | H8: ='AB '!N261 -> 2716.074 | I8: Spider | J8: Bloqueio Físico | K8: Necessário abertura de defensa
B9: 6 | C9: SP-330 | D9: Sul | E9: CL | F9: ='AB '!B273 -> 18,000 | G9: ='AB '!C273 -> 18,500 | H9: ='AB '!N273 -> 970.501 | I9: Spider | J9: Administrativa | K9: Não há equipamento no contrato atualmente | M9: *Os percentuais representam a participação de cada tipo de equipamento na área total com potencial de mecanização 186.844,31
B10: 7 | C10: SP-330 | D10: Sul | E10: CL | F10: ='AB '!B532 -> 28,000 | G10: ='AB '!C538 -> 28,500 | H10: =SUM('AB '!N532,'AB '!N538) -> 2517.871 | I10: Trator com Braço Articulado | J10: Administrativa | K10: Não há equipamento no contrato atualmente | M10: Área total pot. de mecanização | N10: Área total pot. Spider | O10: Área total pot. Trator de 1,7 m | P10: Área total pot. Trator com braço | Q10: Área total pot. Eixo Zero
B11: 8 | C11: SP-330 | D11: Sul | E11: CL | F11: ='AB '!B622 -> 33,000 | G11: ='AB '!C641 -> 34,500 | H11: =SUM('AB '!N622,'AB '!N638,'AB '!N641) -> 8119.326 | I11: Trator com Braço Articulado | J11: Administrativa | K11: Não há equipamento no contrato atualmente | M11: =SUM('AB '!N4:N3440) -> 186844.31 | N11: 76230.964 | O11: =SUM('AB '!N87,'AB '!N113,'AB '!N535) -> 8500.154 | P11: 105374.77 | Q11: =SUM('AB '!N498:N505) -> 3216.969
B12: 9 | C12: SP-330 | D12: Sul | E12: CL | F12: ='AB '!B765 -> 40,000 | G12: ='AB '!C907 -> 48,500 | H12: =SUM('AB '!N765,'AB '!N766,'AB '!N780,'AB '!N786,'AB '!N800,'AB '!N817,'AB '!N834,'AB '!N849,'AB '!N876,'AB '!N907+'AB '!N807+'AB '!N822+'AB '!N828) -> 15206.309 | I12: Trator com Braço Articulado | J12: Administrativa | K12: Não há equipamento no contrato atualmente | M12: 1 | N12: =N11/$M$11 -> 0.4079919 | O12: =O11/$M$11 -> 0.045493246 | P12: =P11/$M$11 -> 0.56397101 | Q12: =Q11/$M$11 -> 0.017217378
B13: 10 | C13: SP-330 | D13: Sul | E13: CL | F13: ='AB '!B1523 -> 73,000 | G13: ='AB '!C1523 -> 73,500 | H13: ='AB '!N1523 -> 1130.545 | I13: ='AB '!O1523 -> Trator com braço articulado | J13: Administrativa | K13: Não há equipamento no contrato atualmente
B14: 11 | C14: SP-330 | D14: Sul | E14: CL | F14: ='AB '!B1542 -> 74,000 | G14: ='AB '!C1542 -> 74,500 | H14: ='AB '!N1542 -> 1521.1885 | I14: ='AB '!O1542 -> Trator com braço articulado | J14: Administrativa | K14: Não há equipamento no contrato atualmente
B15: 12 | C15: SP-330 | D15: Sul | E15: CL | F15: ='AB '!B1553 -> 75,000 | G15: ='AB '!C1553 -> 75,500 | H15: ='AB '!N1553 -> 1216.5725 | I15: ='AB '!O1553 -> Trator com braço articulado | J15: Bloqueio Físico | K15: Necessário abertura de defensa
B16: 13 | C16: SP-330 | D16: Sul | E16: CL | F16: ='AB '!B1622 -> 78,000 | G16: ='AB '!C1622 -> 78,500 | H16: ='AB '!N1622 -> 554.82 | I16: ='AB '!O1622 -> Trator com braço articulado | J16: Administrativa | K16: Não há equipamento no contrato atualmente | M16: Equipamentos para as Áreas Potenciais de Mecanização | N16: Área potencial de mecanização de cada Equipamento | O16: Percentual em relação a área total
B17: 14 | C17: SP-330 | D17: Sul | E17: CL | F17: ='AB '!B1637 -> 79,000 | G17: ='AB '!C1641 -> 80,500 | H17: =SUM('AB '!N1637:N1641) -> 4565.906 | I17: Trator com Braço Articulado | J17: Administrativa/Bloqueio Físico | K17: Não há equipamento no contrato atualmente/ km 80 a 80+500 necessário abertura | N17: =M11 -> 186844.31 | O17: 1
B18: 15 | C18: SP-348 | D18: Sul | E18: CL | F18: ='AB '!B1951 -> 92,000 | G18: ='AB '!C1951 -> 92,500 | H18: ='AB '!N1951 -> 2800.448 | I18: ='AB '!O1951 -> Spider | J18: Administrativa | K18: Não há equipamento no contrato atualmente | M18: Spider (robô) | N18: =M11 -> 186844.31 | O18: 1
B19: 16 | C19: SP-348 | D19: Sul | E19: CL | F19: ='AB '!B2416 -> 108,000 | G19: ='AB '!C2439 -> 109,500 | H19: ='AB '!N2416+'AB '!N2439 -> 1665.888 | I19: ='AB '!O2416 -> Trator com braço articulado | J19: Bloqueio Físico | K19: Necessário abertura de defensa | M19: Trator de 1,7m | N19: =O11 -> 8500.154 | O19: 0.05
B20: 17 | C20: SP-348 | D20: Sul | E20: CL | F20: ='AB '!B2557 -> 112,000 | G20: ='AB '!C2572 -> 112,500 | H20: ='AB '!N2557+'AB '!N2572 -> 1359.032 | I20: ='AB '!O2557 -> Trator com braço articulado | J20: Administrativa | K20: Não há equipamento no contrato atualmente | M20: Trator com braço articulado | N20: =P11 -> 105374.77 | O20: =N20/N17 -> 0.56397101
B21: 18 | C21: SP-348 | D21: Sul | E21: CL | F21: ='AB '!B2568 -> 112,000 | G21: ='AB '!C2568 -> 112,500 | H21: ='AB '!N2568 -> 1088.3835 | I21: ='AB '!O2568 -> Trator com braço articulado | J21: Bloqueio Físico | K21: Necessário abertura de defensa | M21: Eixo Zero | N21: =Q11 -> 3216.969 | O21: =Q12 -> 0.017217378
B22: 19 | C22: SP-348 | D22: Sul | E22: CL | F22: ='AB '!B2794 -> 121,000 | G22: ='AB '!C2801 -> 121,500 | H22: ='AB '!N2794+'AB '!N2801 -> 2705.2865 | I22: ='AB '!O2794 -> Trator com braço articulado | J22: Bloqueio Físico | K22: Necessário abertura de defensa
B23: 20 | C23: SP-348 | D23: Sul | E23: CL | F23: ='AB '!B3081 -> 135,000 | G23: ='AB '!C3189 -> 141,500 | H23: =SUM('AB '!N3081,'AB '!N3131,'AB '!N3144,'AB '!N3159,'AB '!N3189) -> 5797.293 | I23: ='AB '!O3131 -> Trator com braço articulado | J23: Bloqueio Físico | K23: Necessário abertura de defensa
B24: 21 | C24: SP-348 | D24: Sul | E24: CL | F24: ='AB '!B3244 -> 144,000 | G24: ='AB '!C3253 -> 144,500 | H24: ='AB '!N3244+'AB '!N3253 -> 1931.1825 | I24: ='AB '!O3244 -> Trator com braço articulado | J24: Bloqueio Físico | K24: Necessário abertura de defensa | M24: Área total | N24: Área manual | O24: Área mecânico
B25: 22 | C25: SP-102 | D25: Norte | E25: CL | F25: ='AB '!B4 -> 1,000 | G25: ='AB '!C51 -> 6,500 | H25: =SUM('AB '!N4,'AB '!N7,'AB '!N40,'AB '!N51) -> 4556.233 | I25: ='AB '!O4 -> Trator com braço articulado | J25: Bloqueio Físico/ Administrativa | K25: Necessário abertura de defensa km 1 a 1+500/ Não há equipamento no contrato atualmente | M25: ='AB '!K3684 -> 9640313.2 | N25: =M25-O25 -> 4668402 | O25: ='AB '!U3684 -> 4971911.2
B26: 23 | C26: SP-102 | D26: Norte | E26: CL | F26: ='AB '!B39 -> 5,000 | G26: ='AB '!C39 -> 5,500 | H26: ='AB '!N39 -> 1406.678 | I26: ='AB '!O39 -> Spider | J26: Administrativa | K26: Não há equipamento no contrato atualmente | N26: =N25/M25 -> 0.48425833 | O26: =O25/M25 -> 0.51574167
B27: 24 | C27: SP-330 | D27: Norte | E27: CL | F27: ='AB '!B257 -> 18,000 | G27: ='AB '!C288 -> 19,500 | H27: =SUM('AB '!N257,'AB '!N262,'AB '!N282,'AB '!N288) -> 9592.271 | I27: Spider | J27: Bloqueio Físico | K27: Necessário abertura de defensa
B28: 25 | C28: SP-330 | D28: Norte | E28: CL | F28: ='AB '!B390 -> 23,000 | G28: ='AB '!C390 -> 23,500 | H28: ='AB '!N390 -> 1444.73 | I28: ='AB '!O390 -> Spider | J28: Administrativa | K28: Não há equipamento no contrato atualmente | M28: Equipamentos para as Áreas Potenciais de Mecanização - AUTOBAN
B29: 26 | C29: SP-330 | D29: Norte | E29: CL | F29: ='AB '!B530 -> 28,000 | G29: ='AB '!C555 -> 29,500 | H29: =SUM('AB '!N530,'AB '!N536,'AB '!N555) -> 3703.94 | I29: ='AB '!O530 -> Trator com braço articulado | J29: Operacional | K29: Neste cenário a terceira tem o implemento mas está quebrado
B30: 27 | C30: SP-330 | D30: Norte | E30: CL | F30: ='AB '!B587 -> 31,000 | G30: ='AB '!C654 -> 35,500 | H30: =SUM('AB '!N587,'AB '!N614,'AB '!N640,'AB '!N646,'AB '!N654) -> 5404.6395 | I30: Trator com Braço Articulado | J30: Operacional | K30: Neste cenário a terceira tem o implemento mas está quebrado | M30: Robô NAVO NV22X800 + carretinha
B31: 28 | C31: SP-330 | D31: Norte | E31: CL | F31: ='AB '!B601 -> 32,000 | G31: ='AB '!C632 -> 33,500 | H31: =SUM('AB '!N601,'AB '!N632) -> 1175.733 | I31: ='AB '!O601 -> Spider | J31: Administrativa | K31: Não há equipamento no contrato atualmente | M31: Operador do Robô
B32: 29 | C32: SP-330 | D32: Norte | E32: CL | F32: ='AB '!B716 -> 38,000 | G32: ='AB '!C716 -> 38,500 | H32: ='AB '!N716 -> 1549.827 | I32: ='AB '!O716 -> Spider | J32: Administrativa | K32: Não há equipamento no contrato atualmente | M32: Pick up utilitária
B33: 30 | C33: SP-330 | D33: Norte | E33: CL | F33: ='AB '!B763 -> 40,000 | G33: ='AB '!C899 -> 48,500 | H33: =SUM('AB '!N763,'AB '!N769,'AB '!N778,'AB '!N790,'AB '!N811,'AB '!N824,'AB '!N841,'AB '!N863,'AB '!N899) -> 8531.6305 | I33: ='AB '!O763 -> Trator com braço articulado | J33: Administrativa | K33: Não há equipamento no contrato atualmente | M33: Braço articulado articulado com roçadeira tipo faca ou tipo trincha - Para tratores até 75cv
B34: 31 | C34: SP-348 | D34: Norte | E34: CL | F34: ='AB '!B1798 -> 86,000 | G34: ='AB '!C1819 -> 87,500 | H34: =SUM('AB '!N1798,'AB '!N1819) -> 1852.911 | I34: ='AB '!O1798 -> Trator com braço articulado | J34: Bloqueio Físico | K34: Necessário abertura de defensa
B35: 32 | C35: SP-348 | D35: Norte | E35: CL | F35: ='AB '!B1963 -> 92,000 | G35: ='AB '!C1963 -> 92,500 | H35: ='AB '!N1963 -> 2117.792 | I35: ='AB '!O1963 -> Spider | J35: Administrativa | K35: Não há equipamento no contrato atualmente
B36: 33 | C36: SP-348 | D36: Norte | E36: CL | F36: ='AB '!B1959 -> 92,000 | G36: ='AB '!C1959 -> 92,500 | H36: ='AB '!N1959 -> 1303.968 | I36: ='AB '!O1959 -> Trator com braço articulado | J36: Bloqueio Físico | K36: Necessário abertura de defensa
B37: 34 | C37: SP-348 | D37: Norte | E37: CL | F37: ='AB '!B2172 -> 99,000 | G37: ='AB '!C2172 -> 99,500 | H37: ='AB '!N2172 -> 2598.864 | I37: ='AB '!O2172 -> Spider | J37: Administrativa | K37: Não há equipamento no contrato atualmente
B38: 35 | C38: SP-348 | D38: Norte | E38: CL | F38: ='AB '!B2332 -> 104,000 | G38: ='AB '!C2332 -> 104,500 | H38: ='AB '!N2332 -> 1869.936 | I38: ='AB '!O2332 -> Spider | J38: Administrativa | K38: Não há equipamento no contrato atualmente
B39: 36 | C39: SP-348 | D39: Norte | E39: CL | F39: ='AB '!B2423 -> 108,000 | G39: ='AB '!C2450 -> 109,500 | H39: ='AB '!N2423+'AB '!N2450 -> 2397.892 | I39: ='AB '!O2423 -> Trator com braço articulado | J39: Bloqueio Físico | K39: Necessário abertura de defensa
B40: 37 | C40: SP-348 | D40: Norte | E40: CL | F40: ='AB '!B2447 -> 109,000 | G40: ='AB '!C2447 -> 109,500 | H40: ='AB '!N2447 -> 275.2945 | I40: ='AB '!O2447 -> Spider | J40: Bloqueio Físico | K40: Necessário abertura de defensa
B41: 38 | C41: SP-348 | D41: Norte | E41: CL | F41: ='AB '!B2569 -> 112,000 | G41: ='AB '!C2573 -> 112,500 | H41: =SUM('AB '!N2569:N2573) -> 3778.558 | I41: ='AB '!O2569 -> Trator com braço articulado | J41: Bloqueio Físico | K41: Necessário abertura de defensa
B42: 39 | C42: SP-348 | D42: Norte | E42: CL | F42: ='AB '!B2688 -> 116,000 | G42: ='AB '!C2700 -> 117,500 | H42: ='AB '!N2688+'AB '!N2700 -> 2402.964 | I42: ='AB '!O2688 -> Trator com braço articulado | J42: Bloqueio Físico | K42: Necessário abertura de defensa
B43: 40 | C43: SP-348 | D43: Norte | E43: CL | F43: ='AB '!B2771 -> 120,000 | G43: ='AB '!C2797 -> 121,500 | H43: =SUM('AB '!N2771,'AB '!N2777,'AB '!N2796,'AB '!N2797) -> 6670.448 | I43: ='AB '!O2777 -> Trator com braço articulado | J43: Administrativa/Bloqueio Físico | K43: Não há equipamento no contrato atualmente/ km 121 a 121+500 necessário abertura
B44: 41 | C44: SP-348 | D44: Norte | E44: CL | F44: ='AB '!B3046 -> 134,000 | G44: ='AB '!C3050 -> 134,500 | H44: ='AB '!N3046+'AB '!N3050 -> 1523.214 | I44: ='AB '!O3046 -> Trator com braço articulado | J44: Bloqueio Físico | K44: Necessário abertura de defensa
B45: 42 | C45: SP-348 | D45: Norte | E45: CL | F45: ='AB '!B3117 -> 137,000 | G45: ='AB '!C3138 -> 138,500 | H45: =SUM('AB '!N3117,'AB '!N3121,'AB '!N3135,'AB '!N3138) -> 9775.101 | I45: ='AB '!O3117 -> Spider | J45: Bloqueio Físico | K45: Necessário abertura de defensa
B46: 43 | C46: SP-348 | D46: Norte | E46: CL | F46: ='AB '!B3139 -> 139,000 | G46: ='AB '!C3139 -> 139,500 | H46: ='AB '!N3139 -> 1239.812 | I46: ='AB '!O3139 -> Trator com braço articulado | J46: Bloqueio Físico | K46: Necessário abertura de defensa
B47: 44 | C47: SP-348 | D47: Norte | E47: CL | F47: ='AB '!B3440 -> 153,000 | G47: ='AB '!C3440 -> 153,500 | H47: ='AB '!N3440 -> 1347.3655 | I47: ='AB '!O3440 -> Trator com braço articulado | J47: Bloqueio Físico | K47: Necessário abertura de defensa
B48: 45 | C48: SP-330 | D48: Central | E48: CC | F48: ='AB '!B703 -> 37,000 | G48: ='AB '!C704 -> 37,500 | H48: ='AB '!N703+'AB '!N704 -> 2629.8255 | I48: ='AB '!O703 -> Spider | J48: Administrativa | K48: Não há equipamento no contrato atualmente
B49: 46 | C49: SP-330 | D49: Central | E49: CC | F49: ='AB '!B2446 -> 109,000 | G49: ='AB '!C2451 -> 109,500 | H49: ='AB '!N2446+'AB '!N2451 -> 3889.27 | I49: ='AB '!O2446 -> Spider | J49: Administrativa/Bloqueio Físico | K49: Não há equipamento no contrato atualmente/ km 109 a 109+500 necessário abertura
B50: 46 | C50: SP-330 | D50: Central | E50: CC | F50: ='AB '!B2979 -> 130,000 | G50: ='AB '!C3014 -> 133,500 | H50: =SUM('AB '!N2979,'AB '!N2987,'AB '!N3000,'AB '!N3002,'AB '!N3003,'AB '!N3014) -> 18744.691 | I50: ='AB '!O2979 -> Spider | J50: Bloqueio Físico | K50: Necessário abertura de defensa
B52: Item | C52: Rodovia | D52: Sentido | E52: Local | F52: km i | G52: km f | H52: Sepressão de áreas | I52: Latitude | J52: Longitude | K52: Detalhamento
B53: 1 | C53: SP-330 | D53: N | E53: CL | F53: ='AB '!B107 -> 13,000 | G53: ='AB '!C107 -> 13,500 | H53: ='AB '!I107 -> 244.41 | I53: ='AB '!G107 -> -23.50761 | J53: ='AB '!H107 -> -46.743489 | K53: Necessário validação da Agência Reguladora, para supressão da camada vegetal nessas áreas
B54: 2 | C54: SP-330 | D54: N | E54: CL | F54: ='AB '!B122 -> 14,000 | G54: ='AB '!C122 -> 14,500 | H54: ='AB '!I122 -> 440.01 | I54: ='AB '!G122 -> -23.507479 | J54: ='AB '!H122 -> -46.745181 | K54: Necessário validação da Agência Reguladora, para supressão da camada vegetal nessas áreas
B55: 3 | C55: SP-330 | D55: N | E55: CL | F55: ='AB '!B142 -> 14,000 | G55: ='AB '!C142 -> 14,500 | H55: ='AB '!I142 -> 278.89 | I55: ='AB '!G142 -> -23.50756 | J55: ='AB '!H142 -> -46.744227 | K55: Necessário validação da Agência Reguladora, para supressão da camada vegetal nessas áreas
B56: 4 | C56: SP-330 | D56: N | E56: CL | F56: ='AB '!B2482 -> 110,000 | G56: ='AB '!C2482 -> 110,500 | H56: ='AB '!I2482 -> 680.08 | I56: ='AB '!G2482 -> -22.821093 | J56: ='AB '!H2482 -> -47.195382 | K56: Necessário validação da Agência Reguladora, para supressão da camada vegetal nessas áreas
B57: 5 | C57: SP-330 | D57: N | E57: CL | F57: ='AB '!B2483 -> 110,000 | G57: ='AB '!C2483 -> 110,500 | H57: ='AB '!I2483 -> 266.64 | I57: ='AB '!G2483 -> -22.824326 | J57: ='AB '!H2483 -> -47.189326 | K57: Necessário validação da Agência Reguladora, para supressão da camada vegetal nessas áreas
B58: 6 | C58: SP-330 | D58: N | E58: CL | F58: ='AB '!B2497 -> 110,000 | G58: ='AB '!C2497 -> 110,500 | H58: ='AB '!I2497 -> 204.76 | I58: ='AB '!G2497 -> -22.824629 | J58: ='AB '!H2497 -> -47.18875 | K58: Necessário validação da Agência Reguladora, para supressão da camada vegetal nessas áreas
B59: 7 | C59: SP-330 | D59: N | E59: CL | F59: ='AB '!B2509 -> 111,000 | G59: ='AB '!C2509 -> 111,500 | H59: ='AB '!I2509 -> 1074.23 | I59: ='AB '!G2509 -> -22.816568 | J59: ='AB '!H2509 -> -47.203835 | K59: Necessário validação da Agência Reguladora, para supressão da camada vegetal nessas áreas
B60: 8 | C60: SP-330 | D60: N | E60: CL | F60: ='AB '!B2526 -> 111,000 | G60: ='AB '!C2526 -> 111,500 | H60: ='AB '!I2526 -> 548.01 | I60: ='AB '!G2526 -> -22.81766 | J60: ='AB '!H2526 -> -47.201789 | K60: Necessário validação da Agência Reguladora, para supressão da camada vegetal nessas áreas
B61: 9 | C61: SP-330 | D61: N | E61: CL | F61: ='AB '!B2546 -> 112,000 | G61: ='AB '!C2546 -> 112,500 | H61: ='AB '!I2546 -> 2120.53 | I61: ='AB '!G2546 -> -22.814759 | J61: ='AB '!H2546 -> -47.207069 | K61: Necessário validação da Agência Reguladora, para supressão da camada vegetal nessas áreas
B62: 10 | C62: SP-330 | D62: S | E62: CL | F62: 12,000 | G62: 12,500 | H62: 145.01 | I62: -23.508778 | J62: -46.734098 | K62: Necessário validação da Agência Reguladora, para supressão da camada vegetal nessas áreas
B63: 11 | C63: SP-330 | D63: S | E63: CL | F63: 12,000 | G63: 12,500 | H63: 27.31 | I63: -23.508835 | J63: -46.73367 | K63: Necessário validação da Agência Reguladora, para supressão da camada vegetal nessas áreas
B64: 12 | C64: SP-330 | D64: S | E64: CL | F64: 27,000 | G64: 27,500 | H64: 376.26 | I64: -23.417319 | J64: -46.801234 | K64: Necessário validação da Agência Reguladora, para supressão da camada vegetal nessas áreas
B65: 13 | C65: SP-330 | D65: S | E65: CL | F65: 86,000 | G65: 86,500 | H65: 1671.29 | I65: -22.979908 | J65: -47.045703 | K65: Necessário validação da Agência Reguladora, para supressão da camada vegetal nessas áreas
B66: 14 | C66: SP-330 | D66: S | E66: CL | F66: 86,000 | G66: 86,500 | H66: 1472.46 | I66: -22.981988 | J66: -47.044401 | K66: Necessário validação da Agência Reguladora, para supressão da camada vegetal nessas áreas
B67: 15 | C67: SP-330 | D67: S | E67: CL | F67: 86,000 | G67: 86,500 | H67: 1415.18 | I67: -22.983694 | J67: -47.043213 | K67: Necessário validação da Agência Reguladora, para supressão da camada vegetal nessas áreas
B68: 16 | C68: SP-330 | D68: S | E68: CL | F68: 87,000 | G68: 87,500 | H68: 4482.95 | I68: -22.97686 | J68: -47.04745 | K68: Necessário validação da Agência Reguladora, para supressão da camada vegetal nessas áreas
B69: 17 | C69: SP-330 | D69: S | E69: CL | F69: 87,000 | G69: 87,500 | H69: 120.95 | I69: -22.970766 | J69: -47.050903 | K69: Necessário validação da Agência Reguladora, para supressão da camada vegetal nessas áreas
B70: 18 | C70: SP-330 | D70: S | E70: CL | F70: 87,000 | G70: 87,500 | H70: 3085.18 | I70: -22.972821 | J70: -47.049741 | K70: Necessário validação da Agência Reguladora, para supressão da camada vegetal nessas áreas
B71: 19 | C71: SP-330 | D71: S | E71: CL | F71: 88,000 | G71: 88,500 | H71: 3234.86 | I71: -22.96884 | J71: -47.052034 | K71: Necessário validação da Agência Reguladora, para supressão da camada vegetal nessas áreas
B72: 20 | C72: SP-330 | D72: S | E72: CL | F72: 88,000 | G72: 88,500 | H72: 2267.76 | I72: -22.96463 | J72: -47.054383 | K72: Necessário validação da Agência Reguladora, para supressão da camada vegetal nessas áreas
B73: 21 | C73: SP-330 | D73: S | E73: CL | F73: 89,000 | G73: 89,500 | H73: 2556.88 | I73: -22.961095 | J73: -47.0564 | K73: Necessário validação da Agência Reguladora, para supressão da camada vegetal nessas áreas
... B90: 38 | C90: SP-330 | D90: C | E90: CC | F90: 120,000 | G90: 120,500 | H90: 1768.64 | I90: -22.758364 | J90: -47.253053 | K90: Necessário validação da Agência Reguladora, para supressão da camada vegetal nessas áreas
